{
  "best_model_name": "LightGBM",
  "f1_macro": 0.9686856818538843,
  "accuracy": 0.9687142857142857,
  "f1_weighted": 0.9686856818538844,
  "label_map": {
    "budget": 0,
    "mid-range": 1,
    "premium": 2,
    "luxury": 3
  },
  "label_inv": {
    "0": "budget",
    "1": "mid-range",
    "2": "premium",
    "3": "luxury"
  },
  "top_cats": [
    "mobile phones",
    "electronics",
    "clothing",
    "home & kitchen",
    "footwear",
    "sports",
    "beauty",
    "toys",
    "books"
  ],
  "cat_columns": [
    "cat_beauty",
    "cat_books",
    "cat_clothing",
    "cat_electronics",
    "cat_footwear",
    "cat_home & kitchen",
    "cat_mobile phones",
    "cat_sports",
    "cat_toys"
  ],
  "source_columns": [
    "src_amazon",
    "src_flipkart"
  ],
  "all_results": [
    {
      "name": "LogisticRegression",
      "accuracy": 0.9648571428571429,
      "f1_macro": 0.9648972670757038,
      "f1_weighted": 0.9648972670757039
    },
    {
      "name": "RandomForest",
      "accuracy": 0.9675714285714285,
      "f1_macro": 0.9675483283233924,
      "f1_weighted": 0.9675483283233927
    },
    {
      "name": "XGBoost",
      "accuracy": 0.968,
      "f1_macro": 0.9679683392013809,
      "f1_weighted": 0.967968339201381
    },
    {
      "name": "LightGBM",
      "accuracy": 0.9687142857142857,
      "f1_macro": 0.9686856818538843,
      "f1_weighted": 0.9686856818538844
    }
  ]
}